{
  "families": { "slug": "families", "heroTitle": "La sorpresa que junta a todos en la misma historia.", "subcopy": "Diseño curado para viajar juntos sin enredos.", "palette": { "primary": "#FFFFFF", "secondary": "#0A2240", "accent": "#F2C53D", "text": "#212121" }, "images": { "hero": "/images/travellers/solo/hero.svg" } },
  "couples":  { "slug": "couples",  "heroTitle": "El mapa se guarda, la mirada se comparte.",           "subcopy": "Una sorpresa curada para volver a elegirse en cada detalle.", "palette": { "primary": "#FFFFFF", "secondary": "#0A2240", "accent": "#F2C53D", "text": "#212121" }, "images": { "hero": "/images/travellers/solo/hero.svg" } },
  "solo":     { "slug": "solo",     "heroTitle": "Aventura en Solitario",                                "subcopy": "Suelta el control. Gana perspectiva. Vuelve con historia.",  "palette": { "primary": "#FFFFFF", "secondary": "#0A2240", "accent": "#F2C53D", "text": "#212121" }, "images": { "hero": "/images/travellers/solo/hero.svg" } },
  "honeymoons": { "slug": "honeymoons", "heroTitle": "Tu sí para siempre, nuestra sorpresa hoy.",        "subcopy": "Intima, cuidada, inolvidable.",                                 "palette": { "primary": "#FFFFFF", "secondary": "#0A2240", "accent": "#F2C53D", "text": "#212121" }, "images": { "hero": "/images/travellers/solo/hero.svg" } },
  "groups":   { "slug": "groups",   "heroTitle": "Compartir aventura multiplica todo.",                  "subcopy": "Experiencias compartidas, logística invisible.",               "palette": { "primary": "#FFFFFF", "secondary": "#0A2240", "accent": "#F2C53D", "text": "#212121" }, "images": { "hero": "/images/travellers/solo/hero.svg" } }
}
